DAY,TMIN,TMAX,RAIN,IRRAD,VAP,WIND,E0,ES0,ET0
2025-11-15,13.65,27.42,0.0,15260000.0,5.539127556226736,1.16,0.28652324813030633,0.24303695461472447,0.3194008648203637
2025-11-16,13.24,27.85,0.0,15890000.0,5.597814276884172,1.38,0.3195472934420115,0.2742583423848163,0.352744805210342
2025-11-17,12.17,27.65,0.0,15390000.0,5.923653827151033,1.38,0.32907794718039424,0.2856704062400681,0.34526996304691226
2025-11-18,11.82,27.65,0.0,14910000.0,6.9052801156033174,1.48,0.34254058267328275,0.3006101661094363,0.34908012105342795
2025-11-19,14.28,28.1,0.0,14120000.0,6.670853910202937,1.08,0.27951370045864005,0.23885224020419576,0.30142429543326227
2025-11-20,12.98,28.4,0.0,14050000.0,8.620151010056919,0.89,0.27635442435718943,0.2362157158422301,0.269611396669749
2025-11-21,11.23,27.96,0.0,14030000.0,10.470667022897842,1.46,0.3209584180024741,0.2815959950211051,0.31616887317812775
2025-11-22,12.23,26.99,0.0,13940000.0,9.458857783526453,1.21,0.28590230697302316,0.24678244469979985,0.28962648858868584
2025-11-23,12.13,27.02,0.0,13970000.0,8.791242425309683,1.28,0.29279847793181296,0.2536176820006602,0.3000537994906616
2025-11-24,11.14,26.62,0.0,13520000.0,7.749949527737309,1.58,0.3242816815215084,0.28681454484446833,0.33116275545229334
2025-11-25,11.29,25.46,0.0,14120000.0,7.659484198498772,1.5,0.2894323640416138,0.25065095528013004,0.31366326591888277
2025-11-26,10.2,25.8,0.0,13690000.0,6.273944519283989,1.79,0.342222271214655,0.30487580374763157,0.3552004147112034
2025-11-27,10.63,26.26,0.0,11630000.0,8.489301592627832,1.51,0.3060150355802451,0.27403253462558924,0.3026842421446215
2025-11-28,14.46,24.84,0.002,10230000.0,11.424816553856925,0.57,0.20388275295396038,0.17515483294043122,0.18582870021559994
2025-11-29,14.01,25.51,0.0,12030000.0,9.401835370998299,1.29,0.24778182457058404,0.2139364026642915,0.2765536315528811
2025-11-30,13.15,24.61,0.0,12150000.0,6.938632216587205,1.37,0.24740340253848175,0.213732861811704,0.2923307323205389
2025-12-01,12.34,25.83,0.0,13050000.0,7.644250724567206,1.41,0.2700344361955419,0.23374032506818213,0.3014791533778972
2025-12-02,11.94,25.35,0.0,13230000.0,9.235254641519088,1.56,0.27046992693466637,0.2339578219820871,0.2981931737459013
2025-12-03,9.77,23.93,0.0,14480000.0,5.2676408429272445,1.36,0.2539109164680888,0.2152498294539028,0.2924600056222823
2025-12-04,11.4,23.39,0.0,14360000.0,4.756886074900315,1.19,0.20960846232741065,0.17086961454251814,0.2727111443413827
2025-12-05,11.14,24.13,0.0,14060000.0,4.5274772422448955,1.2,0.22457419400605297,0.18647472836412005,0.2779500337454736
2025-12-06,10.62,24.82,0.0,13270000.0,4.7617840832301885,1.41,0.26655666635582537,0.23054136730342903,0.3059929347125441
2025-12-07,11.83,25.89,0.0,13490000.0,4.989688034790271,1.21,0.24908580116171555,0.2117148984074858,0.28781866457322497
2025-12-08,13.2,26.68,0.0,14050000.0,5.696366089788,1.51,0.2722591090725859,0.23261118588977006,0.3322767877622752
2025-12-09,11.99,26.7,0.0,14810000.0,5.717566654847603,1.54,0.2892068744977098,0.24783280706974745,0.3346126435440023
2025-12-10,10.2,25.33,0.0,14360000.0,5.815999164666593,1.5,0.2812776781492247,0.24227173074188296,0.3128447379560643
2025-12-11,12.15,26.59,0.0,14140000.0,5.4282591142129295,1.54,0.28557883005756074,0.24605958696708072,0.33365472891755776
2025-12-12,13.67,26.41,0.0,13020000.0,5.25590815783215,1.24,0.23626701816214488,0.19946444900307636,0.2936080749605239
2025-12-13,12.53,27.36,0.0,11900000.0,6.008144683842205,1.05,0.2537470549154452,0.220163450115048,0.26713698950987247
2025-12-14,12.12,25.9,0.0,12360000.0,7.627514334762594,1.09,0.23627378751852085,0.2019434516434695,0.2562508120182982
2025-12-15,13.62,26.35,0.0,13700000.0,7.1918780522274,1.15,0.22914344818842258,0.1904541848583685,0.2740254917764937
2025-12-16,12.56,25.52,0.0,14110000.0,6.363869131467467,1.27,0.23245636454817326,0.1932448826747876,0.2852841515151274
2025-12-17,12.17,26.19,0.0,14080000.0,6.623408667109498,1.35,0.25618925415413796,0.21696609523154417,0.2978355503935483
2025-12-18,13.15,25.75,0.0,13590000.0,6.638130267286936,1.02,0.2124182035636357,0.1743841510762723,0.2539928686268044
2025-12-19,12.86,26.09,0.0,13200000.0,5.883639312517635,1.13,0.22881275720176247,0.1918544358176352,0.27159613740498695
2025-12-20,11.24,26.44,0.0,12690000.0,6.038416376673622,1.2,0.2613845357748978,0.2262421736414018,0.27958677363285694
2025-12-21,12.08,28.3,0.0,11450000.0,9.01273602138711,1.55,0.31642888197923075,0.28398364042797714,0.31687005058349554
2025-12-22,12.98,28.47,0.0,12330000.0,10.813567086718276,1.01,0.25603583387758466,0.22079103572074632,0.25193801947112754
2025-12-23,12.45,25.0,0.0,10500000.0,10.304933418331641,1.91,0.26322978405678954,0.23421093736656304,0.2982852935718048
2025-12-24,7.67,21.46,0.0,14540000.0,6.839453055185944,1.99,0.2596547744817201,0.22258426895789155,0.3006491966193043
2025-12-25,9.82,22.28,0.0,14250000.0,5.283681229493902,1.12,0.19626703763851366,0.1588100119955669,0.24636345745921961
2025-12-26,10.49,23.2,0.0,13720000.0,5.35743582914269,1.22,0.2133575474124749,0.17672914823266994,0.2639898765440702
2025-12-27,12.26,23.68,0.0,12020000.0,4.860925903376351,1.14,0.21151462341229457,0.1787418673274176,0.26090020499513544
2025-12-28,10.33,24.27,0.0,13620000.0,5.28951363525986,0.99,0.2130096670764008,0.1763325547200707,0.24295278044148577
2025-12-29,9.39,24.6,0.0,13440000.0,5.8044252256786075,1.23,0.2511274891168211,0.21514350859191894,0.271278227678617
2025-12-30,9.11,24.92,0.0,13430000.0,7.52365786803167,1.33,0.26442554483829034,0.22845463161013158,0.2736745053156015
2025-12-31,8.9,23.58,0.005000000000000001,9750000.0,10.097453150487752,2.18,0.2784155272782087,0.25269043592258755,0.2828028500254856
2026-01-01,9.85,19.27,0.5790000000000001,4110000.0000000005,12.840142424308373,2.04,0.1342059552275625,0.12372840340757207,0.1487762585157763
2026-01-02,7.17,18.7,0.001,6530000.0,10.301400663172311,1.62,0.1678580677442948,0.15179598858615256,0.16800124530348814
2026-01-03,8.19,18.36,0.0,9020000.0,9.3044881001153,1.02,0.16887077143091186,0.14651263931427547,0.16586937878206365
2026-01-04,7.75,19.12,0.0,12270000.0,8.750843239587939,1.25,0.18626924902558606,0.1557461521423044,0.20200394136634783
2026-01-05,6.99,19.35,0.0,11250000.0,8.422956179324217,1.17,0.18481671717662984,0.15699684457255317,0.19576572704139622
2026-01-06,7.53,20.87,0.0,6120000.0,8.183913347531348,1.36,0.2116184283254553,0.19613656912943112,0.20638296639000472
2026-01-07,6.86,18.18,0.0,12030000.0,6.163132049851684,1.51,0.204709147128343,0.17539953296513472,0.23630953686199457
2026-01-08,4.97,19.8,0.0,10670000.0,5.4067548605664975,1.44,0.2409916610721029,0.21507704279637996,0.24495949271911244
2026-01-09,4.76,20.74,0.0,10080000.0,6.278060316180316,1.78,0.2768779687771642,0.2521885497757246,0.2678471273446849
2026-01-10,4.69,19.52,0.0,10340000.0,6.344067063495652,1.77,0.2515924519057557,0.22664383437395666,0.2533989564737346
2026-01-11,3.61,18.44,0.0,14150000.0,4.106330723501978,1.48,0.2382691986923513,0.20500721545144282,0.25821077898946854
2026-01-12,5.87,20.58,0.0,14080000.0,4.3692195300779995,1.22,0.23352432589866157,0.19866303454973444,0.2538520788284617
2026-01-13,5.96,21.79,0.0,12720000.0,5.411284625718532,1.57,0.28383391659312823,0.251882336907561,0.2864186230740532
2026-01-14,7.64,20.54,0.0,14450000.0,4.248992997492726,1.31,0.22591688475985194,0.18944934073940103,0.2699756399500865
2026-01-15,7.74,22.24,0.0,14620000.0,4.161374530990747,1.07,0.23245518435890988,0.1948460108368831,0.25655700091540706
2026-01-16,9.55,25.04,0.0,12990000.0,4.680295404389591,1.37,0.3002068000301277,0.26522949546210867,0.3111711436176415
2026-01-17,8.61,25.38,0.0,12510000.0,7.308811535662057,1.74,0.3300779360610402,0.29658391847424515,0.32902174935406414
2026-01-18,9.52,24.99,0.0,12670000.0,7.823670989298094,1.07,0.2625282044116616,0.22843822423736035,0.2567088445134475
2026-01-19,10.38,24.46,0.0,11980000.0,7.995851838894469,1.33,0.27073056404033613,0.238397097073508,0.2776337258337479
2026-01-20,9.76,23.23,0.0,13050000.0,6.822321285067945,1.21,0.2524320776587545,0.21782745798262826,0.26819187347320883
2026-01-21,8.99,23.56,0.0,14210000.0,6.635854407493973,1.23,0.267020523776368,0.2295019893967937,0.2776264882018657
2026-01-22,9.12,26.41,0.382,12550000.0,8.990411479051186,3.75,0.5094894868718043,0.47540002726441294,0.48142786523627995
2026-01-23,5.57,18.47,0.11599999999999999,9070000.0,7.668529885666907,3.77,0.3062354591771923,0.28439509246622124,0.3129136137261981
2026-01-24,4.43,16.89,0.003,15820000.0,3.883572414641243,1.93,0.2524540596922197,0.21560307250652602,0.30028387921014343
2026-01-25,2.44,17.38,0.0,16540000.0,4.066335422805816,1.62,0.2625285142655443,0.22473027055076092,0.2764394078057864
2026-01-26,5.22,20.41,0.0,14080000.0,4.959656660191208,1.03,0.24292644862301277,0.20838818259976222,0.24205763187197205
2026-01-27,8.07,24.64,0.019000000000000003,7960000.0,9.699260295958211,2.99,0.38545313021341554,0.3644033471380662,0.35706209907036857
2026-01-28,5.84,20.58,0.002,8620000.0,9.356179627003733,1.84,0.24074327896834738,0.21940784769388433,0.22803150206780165
2026-01-29,8.01,20.8,0.0,13720000.0,8.516616645795258,1.31,0.24270926439153429,0.20784842883897012,0.24856719894470955
2026-01-30,10.04,23.0,0.0,14760000.0,7.400728720950863,0.88,0.2455885879808514,0.20643050065463608,0.24974051645449524
2026-01-31,8.65,25.34,0.002,13590000.0,9.406295413165708,1.87,0.3460161651498078,0.3096305776994046,0.332394556138794
2026-02-01,11.83,25.35,0.0,11100000.0,11.086923814983072,1.82,0.30644791994142784,0.2758440244176497,0.3075256693269179
2026-02-02,8.08,23.89,0.0,11250000.0,9.959633720961476,1.72,0.30197677842163345,0.27244369360055537,0.28174507670350457
2026-02-03,9.47,23.53,0.0,15140000.0,9.050085954718035,1.49,0.30114729650243305,0.2609967212765885,0.30116168383967695
2026-02-04,10.97,23.44,0.0,16260000.000000002,8.055015447539052,1.69,0.31038665399927673,0.26667864417622933,0.3392373149317635
2026-02-05,9.47,23.51,0.0,17130000.0,7.1267482823814134,1.48,0.3186984916858244,0.2732793843251477,0.33063447591601475
2026-02-06,11.67,25.64,0.0,17950000.0,6.037129406762601,1.39,0.333729509389407,0.28418239922578564,0.3594960542675427
2026-02-07,14.35,26.79,0.0,17670000.0,6.60499672608854,1.44,0.3307018245648318,0.28031917103242393,0.37931147748875693
2026-02-08,12.53,26.1,0.0,17850000.0,7.034053162602016,1.23,0.3265632586848321,0.276722133148158,0.3449921180162104
2026-02-09,12.12,26.76,0.0,15990000.0,6.991288340089074,1.45,0.36271545856608567,0.317972212878624,0.3669421349014501
2026-02-10,11.05,27.72,0.001,15250000.0,9.369000920018658,2.09,0.4346343385953178,0.3920018602530387,0.4141606964292137
2026-02-11,14.41,27.96,0.005000000000000001,16820000.0,8.952641447959003,1.59,0.3801024177190001,0.33166956540840126,0.395221040576019
2026-02-12,12.22,26.62,0.0,16140000.0,7.9798780997873875,1.56,0.37455749168897934,0.32940994013787583,0.3756340660589457
2026-02-13,11.59,26.39,0.0,17930000.0,6.4519150278355735,1.44,0.37581936840040997,0.32603550539078496,0.3806728300024169
2026-02-14,14.75,27.78,0.0,18820000.0,6.854895612093808,1.22,0.3510709923664793,0.29681093556834065,0.37777190634024127
2026-02-15,13.34,29.5,0.0,19150000.0,7.989728510843013,1.58,0.4461556700796038,0.3908101248645277,0.4337187211114005
2026-02-16,13.5,30.38,0.0,19330000.0,7.595606478888536,1.65,0.4644821390691889,0.4081670471431294,0.45726000494366725
2026-02-17,14.17,30.04,0.051000000000000004,14940000.0,10.236945290585409,2.98,0.5801397837120666,0.5365052715748958,0.5407947555992519
2026-02-18,14.0,24.32,1.0390000000000001,8279999.999999999,13.37169978414803,2.11,0.28659608063554026,0.2635381602515484,0.2834862917372277
2026-02-19,12.43,25.27,0.06,15860000.0,13.919000129711298,1.21,0.32064339342942977,0.27671465979042525,0.29559630276261223
2026-02-20,12.9,27.52,0.0,17760000.0,11.40449935987485,1.26,0.38139239217032384,0.3310502477541725,0.35676553658057836
2026-02-21,15.17,28.15,0.0,18900000.0,9.67470748888257,1.08,0.37350115227096065,0.3186744924846369,0.369445354225337
2026-02-22,14.13,29.76,0.0,19340000.0,8.866241313913921,1.39,0.4453943703584462,0.38904585710174827,0.42404785783333543
2026-02-23,14.11,29.88,0.0,17730000.0,8.919587973906259,1.64,0.4704581307371954,0.4187611958231543,0.44435089874092437
2026-02-24,14.1,30.53,0.0,19060000.0,8.871224902647432,1.37,0.4572731126162009,0.4014295123145966,0.43019992996955436
2026-02-25,13.85,30.04,0.0,19890000.0,8.51999465167065,1.48,0.4734973544345275,0.41554637570258746,0.44736859860178885
2026-02-26,16.62,30.81,0.0,20530000.0,6.662799031325653,1.37,0.44576921584552953,0.3843865233053998,0.4588510456967268
2026-02-27,16.35,32.18,0.0,19240000.0,7.435080758373705,1.55,0.5071836938899034,0.44921843251457294,0.4878184125399022
2026-02-28,17.47,31.64,0.0,19200000.0,9.126226948954306,1.59,0.48560573853235783,0.4275328914844681,0.4843524546052515
2026-03-01,18.05,32.21,0.0,22500000.0,8.189966988349367,1.81,0.541902079787436,0.4733255531681512,0.5511167181765035
2026-03-02,18.35,33.37,0.0,22110000.0,8.418645762248296,2.21,0.6161963493362963,0.5481709388909127,0.617212089746706
2026-03-03,16.58,33.6,0.0,23110000.0,6.760731138215674,2.18,0.6546366029751541,0.5842378831209704,0.6301188241119293
2026-03-04,17.73,34.95,0.0,22160000.0,8.048289067765504,2.08,0.6406360439802289,0.5720452576558244,0.625327167164961
2026-03-05,17.5,35.13,0.0,22200000.0,8.422906085578932,2.78,0.7456001082472022,0.6769068168588381,0.7227195763295017
2026-03-06,16.44,35.8,0.0,23250000.0,6.083503310104818,1.86,0.6189957906352893,0.5472281945587395,0.6193951408594089
2026-03-07,16.94,35.99,0.0,23350000.0,5.730331214007535,1.6,0.5813018444512666,0.5089159555659316,0.5808891850626284
2026-03-08,19.37,37.27,0.0,22920000.0,7.154698411550048,1.79,0.6311985696978119,0.5585731699103318,0.6266297964274803
2026-03-09,19.66,37.04,0.0,21110000.0,7.723454654033992,1.92,0.6504685129981481,0.5835557180235745,0.6335917827786326
2026-03-10,20.36,36.78,0.0,23190000.0,5.930339650388427,1.81,0.6359446408260037,0.5622572042677676,0.6325235340988199
2026-03-11,18.54,35.59,0.0,22380000.0,7.047268114118372,2.57,0.7482169393996663,0.6783303999713893,0.7272429758303376
2026-03-12,19.8,36.05,0.0,17660000.0,8.611781807411225,2.41,0.7097933743983622,0.6540864261278938,0.6691491736242615
2026-03-13,18.82,32.52,0.0,17000000.0,12.16733527551151,1.5,0.4927421154105751,0.44056495831441067,0.46843036370241187
2026-03-14,19.37,32.91,0.0,19440000.0,9.831099589239287,1.28,0.4963158309085458,0.43629383304375735,0.4800157494849455
2026-03-15,19.24,33.98,0.028999999999999998,21750000.0,9.608963971862298,2.36,0.6736341163137872,0.6060881027691923,0.6581739505728165
2026-03-16,15.79,33.66,0.0,22460000.0,6.860710894867178,2.58,0.7303246047765934,0.6622362493687101,0.70046816696233
2026-03-17,14.14,30.42,0.0,20110000.0,9.005732872293887,1.91,0.5796072267294886,0.5207181140295013,0.5284810760556169
2026-03-18,16.99,33.23,0.066,14670000.0,9.135780209409814,2.37,0.6424443057480502,0.5977441477030204,0.587952214578989
2026-03-19,18.69,22.11,0.5980000000000001,6300000.0,15.252748106479903,1.53,0.2353205167823922,0.21740689449804596,0.229361175916751
2026-03-20,17.27,25.0,0.263,16129999.999999998,15.205553999684632,1.19,0.38686798593761673,0.3404586031612456,0.33769824785078595
2026-03-21,17.58,28.69,0.196,17670000.0,12.454067095896912,1.06,0.42793324624177975,0.37553527267901865,0.39367421476166026
2026-03-22,16.14,30.36,0.11399999999999999,19610000.0,13.671552547584326,1.9,0.5402306884806787,0.4819837813713404,0.4937510226097519
2026-03-23,19.34,28.89,0.03900000000000001,21070000.0,14.7532593009001,0.87,0.47369325893985775,0.4103450858977783,0.4182066937709495
2026-03-24,17.57,32.94,0.0,23900000.0,12.427792548592958,1.72,0.6352829298352421,0.56232019795839,0.5747676284464908
2026-03-25,19.29,34.89,0.002,21620000.0,11.575971807400897,2.16,0.7007664104621004,0.6332329278682186,0.6435520633161046
2026-03-26,19.57,34.28,0.192,15620000.0,16.700867324560903,2.24,0.581999810133161,0.5333048929217524,0.5326356266412431
2026-03-27,18.95,32.36,0.005000000000000001,21320000.0,17.065028574187345,2.23,0.6088045305677616,0.5433807972338685,0.5588774770848655
2026-03-28,18.97,32.75,0.001,21090000.0,12.949796440522432,1.54,0.5717640796814354,0.5068768835578198,0.5303031683508792
2026-03-29,21.89,34.87,0.003,20780000.0,15.906760549038047,3.61,0.7601604502420108,0.6942713939490471,0.7560171667025545
2026-03-30,19.78,27.28,0.06,10140000.0,15.92483393827522,2.8,0.4230487057681167,0.39280995647960326,0.4115463922160865
2026-03-31,19.13,32.31,0.41300000000000003,15360000.0,18.88220091214325,1.62,0.47400851456470783,0.42683478873276215,0.4264366045161473
2026-04-01,18.85,31.41,0.006,18200000.0,17.121482301312636,1.81,0.5188426579114219,0.4633718674904893,0.4782330630256203
2026-04-02,21.24,35.32,0.002,20890000.0,14.375384620368726,3.26,0.789130793838311,0.7229676674600122,0.7542429469536933
2026-04-03,19.24,29.25,0.263,14970000.0,15.597025688577235,2.49,0.49515880532103324,0.45007030375209367,0.47869732928405856
2026-04-04,19.7,29.67,0.004,19040000.0,14.279661851255533,1.68,0.5190459507369513,0.4613563516731259,0.48664257228079716
2026-04-05,16.7,31.77,0.0,22050000.0,11.672271529881176,2.06,0.6504031011058267,0.5839992617610379,0.5883859496263435
2026-04-06,18.6,32.61,0.028999999999999998,22900000.0,11.65005804011862,1.73,0.6275001110376598,0.5572729219527612,0.5840143507992528
2026-04-07,19.36,27.81,1.585,11430000.0,16.392244432257396,3.22,0.46255492842309764,0.42844275461062864,0.4484495793676878
2026-04-08,14.95,26.75,0.207,21950000.0,14.408316997265285,1.79,0.5110509185087531,0.4481817314902357,0.4592438641907417
2026-04-09,16.1,30.84,0.0,25290000.0,10.172237993873892,1.85,0.6565941933182473,0.5812402901379404,0.5998449144454462
2026-04-10,15.09,32.47,0.0,25440000.0,11.607675827116978,2.38,0.746719251736589,0.6705869073961843,0.6623190158266541
2026-04-11,18.24,35.63,0.0,20410000.0,11.775392506705245,2.31,0.742877823303071,0.6792425416499421,0.6711928426093433
2026-04-12,19.36,34.3,0.0,26600000.0,11.259559606967684,2.39,0.7957963502842609,0.7129667525886919,0.733820881087146
2026-04-13,18.81,36.54,0.0,26850000.0,10.098758969144432,1.87,0.7759020969396735,0.6914507702563303,0.7102210801817711
2026-04-14,21.52,38.43,0.0,24770000.0,9.179031801218937,1.82,0.7765591390283668,0.696648166957797,0.7160391435657388
2026-04-15,21.06,38.83,0.0,26820000.0,8.88384446377546,1.9,0.809805781817091,0.7233083826827089,0.7558140999588486
2026-04-16,26.33,39.43,0.0,25500000.0,8.027982417579357,1.23,0.6423705059118897,0.5577402249782649,0.638297359160318
2026-04-17,25.82,40.56,0.0,17450000.0,11.678699906168962,2.58,0.8195704105877113,0.7614944123792466,0.791181120281228
2026-04-18,23.27,41.17,0.014000000000000002,26640000.0,10.27617656148572,2.29,0.9138336426364728,0.8259574477466682,0.8542336062159226
2026-04-19,23.81,39.43,0.0,24930000.0,11.232768161429005,2.44,0.8989186752060644,0.8171516169605328,0.8305421993339256
2026-04-20,21.94,39.18,0.0,26430000.0,12.608898659149943,2.4,0.9086818242640069,0.8229002912014034,0.8237064575319739
2026-04-21,25.69,39.97,0.0,26240000.0,10.308367166648274,2.43,0.8771429968258277,0.7900964238357057,0.8637360063582764
2026-04-22,23.31,40.72,0.0,26840000.0,10.5131086846657,2.73,0.993660124199347,0.905295217574897,0.9217984049529963
2026-04-23,22.71,40.47,0.0,27470000.0,8.933259381302115,1.89,0.8488996424778654,0.758827842330049,0.7924627687691208
2026-04-24,24.82,42.64,0.0,26410000.0,11.920946450291703,2.66,1.011020679240224,0.922703552146338,0.9382541281412369
2026-04-25,27.31,42.57,0.0,21570000.0,14.790426468322062,2.06,0.8452415609901908,0.7723649930654828,0.7756131947247689
2026-04-26,27.14,42.5,0.002,24790000.0,14.376209594151248,2.08,0.8956881297917332,0.8120155366159516,0.8201288024312892
2026-04-27,28.68,44.04,0.0,25610000.0,13.863802043017476,2.84,1.0530486409402533,0.96553697732352,0.9866487859576936
2026-04-28,27.12,41.04,0.16100000000000003,22680000.0,12.063240404851461,2.98,0.9272687068287784,0.8511946633518277,0.9282302000180782
2026-04-29,25.39,38.9,0.329,25530000.0,14.44295735554283,2.56,0.8665754111470657,0.782420091436505,0.8402148548441093
2026-04-30,25.41,40.03,0.004,25110000.0,14.973085672713303,1.35,0.7560722101966504,0.6728579337990694,0.6749970213965405
2026-05-01,25.22,40.91,0.041,29230000.0,12.76040541854935,1.75,0.8919175844116506,0.7947453834769642,0.8025318654184641
2026-05-02,26.38,41.88,0.258,26780000.0,14.40147983188001,1.93,0.9023933222446003,0.8125283649923207,0.8144722309420986
2026-05-03,26.02,40.59,0.044000000000000004,25000000.0,13.663125247741398,2.82,0.958354061626808,0.8750650530092398,0.9095213432644619
2026-05-04,24.38,36.96,1.638,24410000.0,20.13267489657725,2.08,0.7580204968188219,0.6787067793453786,0.6971607976552054
2026-05-05,22.6,32.46,0.657,25650000.0,19.811372618692676,2.73,0.7496465846141789,0.6691061488738013,0.6751967530173556
2026-05-06,22.42,36.04,0.0,26610000.0,14.792646828119587,1.63,0.7511815664491808,0.6660115447487962,0.6826424129565349
2026-05-07,23.23,39.32,0.0,26780000.0,13.665359059653529,2.65,0.9832315939785681,0.8956913407654833,0.873595008146454
2026-05-08,23.25,39.76,0.0,27240000.0,14.85958114973763,2.11,0.915907463858702,0.8266633542449097,0.8078798084169256
2026-05-09,24.73,39.82,0.0,24400000.0,16.149847735511962,2.11,0.859416455741741,0.7788877442971249,0.7720317880314733
2026-05-10,25.83,40.27,0.0,23490000.0,17.00091189474169,1.87,0.8098030105052905,0.7317234279802354,0.7340829031541329
2026-05-11,27.15,42.1,0.0,22430000.0,15.366449631224306,2.63,0.9391061810728133,0.8635221184743416,0.8734979444910822
2026-05-12,27.86,41.9,0.376,24440000.0,14.070904468596613,1.85,0.8306991407730054,0.7481668797282977,0.7824284086382861
2026-05-13,27.64,40.93,0.539,24080000.0,17.013934870835325,1.46,0.7622741831668642,0.681362514461293,0.697798966690534
2026-05-14,25.75,41.26,0.29300000000000004,25160000.0,16.386566715117446,1.95,0.8862372470235009,0.8022663221295568,0.7856563391042859
2026-05-15,27.08,40.83,0.014000000000000002,26660000.0,13.89769437185935,2.53,0.9303860235877291,0.8410584000454323,0.9013240566820496
2026-05-16,25.83,41.21,0.0,26140000.0,13.171191160930247,1.77,0.865283593199317,0.7780303889752105,0.7806354535418887
2026-05-17,28.39,42.41,0.0,27300000.0,13.877162516317956,2.57,0.9788620429307783,0.8862792579189347,0.9470843139857416
2026-05-18,27.94,44.26,0.0,27200000.0,14.078080835737909,3.43,1.225512069601466,1.1327545098044003,1.1113781728521492
2026-05-19,27.19,43.07,0.0,28960000.0,11.515714848570887,3.87,1.300858957381554,1.202861719487646,1.1885074700474283
2026-05-20,26.37,42.03,0.0,27850000.0,12.92768443518311,3.01,1.1085564586612724,1.0150449325286075,1.0123989916721439
2026-05-21,27.81,41.48,0.0,26630000.0,12.274378728060011,4.37,1.1804992949539024,1.0907471555512636,1.1914899254115348
2026-05-22,26.51,41.1,0.0,27310000.0,13.181440757017198,2.56,0.9786423859715226,0.8872558372717347,0.9220193413779818
2026-05-23,28.05,43.44,0.0,22860000.0,13.910526773405309,3.29,1.1004050320756449,1.022665302977986,1.0234320063741549
2026-05-24,27.94,43.8,0.002,25200000.0,12.011937103013619,4.42,1.3680368087567876,1.282254643729928,1.2466507297188976
2026-05-25,28.94,43.2,0.0,23170000.0,14.701416843135021,5.35,1.3399605588537042,1.2609646362466094,1.3039722746992723
2026-05-26,27.75,44.08,0.0,26360000.0,15.963528761749856,2.88,1.118034643155775,1.028271939682821,1.0018177810307825
2026-05-27,28.07,44.56,0.0,25430000.0,15.34748391285573,3.73,1.2573374306203469,1.1704710177312376,1.1344941742763763
2026-05-28,29.75,44.25,0.0,22290000.0,16.8154460622727,4.17,1.1880105209030773,1.1114725234799288,1.1450849279410922
2026-05-29,30.31,41.37,0.22599999999999998,17560000.0,19.29329930549923,3.76,0.862715030897256,0.8029539991566965,0.9358282879958444
2026-05-30,27.83,38.79,0.488,20430000.0,20.00297353236521,2.4,0.7497253850752222,0.6816585738295756,0.7350561026261351
2026-05-31,25.98,36.64,0.4650000000000001,24310000.0,20.22823076711546,2.45,0.7917627749956089,0.7122693375193256,0.7451223573021476
