day,DVS,LAI,TAGP,TWSO,TWLV,TWST,TWRT,TRA,RD,SM,WWLOW,RFTRA
2025-11-15,-0.1,0.03445,25.0,0.0,16.25,8.75,25.0,0.0,10.0,0.4,64.19999999999999,0.0
2025-11-16,-0.0828875,0.03445,25.0,0.0,16.25,8.75,25.0,0.0,10.0,0.328,54.099330797240725,0.0
2025-11-17,-0.06576666666666667,0.03445,25.0,0.0,16.25,8.75,25.0,0.0,10.0,0.3192830483984449,49.11283048398445,0.0
2025-11-18,-0.049174999999999996,0.03445,25.0,0.0,16.25,8.75,25.0,0.0,10.0,0.31162853293309517,49.03628532933095,0.0
2025-11-19,-0.03272916666666666,0.03445,25.0,0.0,16.25,8.75,25.0,0.0,10.0,0.30453208954016214,48.965320895401625,0.0
2025-11-20,-0.015070833333333328,0.03445,25.0,0.0,16.25,8.75,25.0,0.0,10.0,0.29943446286553504,48.91434462865535,0.0
2025-11-21,0.0,0.03445,25.0,0.0,16.25,8.75,25.0,0.004863611483355467,10.0,0.29479845618114375,48.86798456181144,1.0
2025-11-22,0.0,0.037299830345342205,27.068091687476198,0.0,17.59425959685953,9.47383209061667,27.0680916874762,0.004820787047302204,11.2,0.29339923963957837,48.81247148396328,1.0
2025-11-23,0.0,0.04037219630768418,29.297675114429737,0.0,19.04348882437933,10.254186290050407,29.29767511442974,0.005402004892451143,12.399999999999999,0.293001152052221,48.76601428544754,1.0
2025-11-24,0.0,0.043698938206760816,31.711856463541956,0.0,20.612706701302272,11.099149762239684,31.71185646354196,0.0064485457688888605,13.599999999999998,0.29272034966362465,48.7201967554253,1.0
2025-11-25,0.0,0.04725391124579504,34.29166273279756,0.0,22.289580776318413,12.002081956479145,34.29166273279756,0.0065994028799746,14.799999999999997,0.2922122454795728,48.67034123309768,1.0
2025-11-26,0.0,0.05119383527800988,37.15082385922342,0.0,24.148035508495227,13.002788350728197,37.15082385922342,0.00808929694886223,15.999999999999996,0.29222214766543747,48.627554362647,1.0
2025-11-27,0.0,0.055402542178779095,40.20503786558715,0.0,26.13327461263165,14.071763252955503,40.20503786558715,0.0074529728159876945,17.199999999999996,0.2917978256655671,48.57732260144775,1.0
2025-11-28,0.0,0.05951225852194816,43.18741547311187,0.0,28.071820057522714,15.115595415589155,43.18741547311187,0.004910541639731803,18.399999999999995,0.2917766575955164,48.5334904997575,1.0
2025-11-29,0.0,0.06347040681817888,46.05980175484679,0.0,29.938871140650413,16.120930614196375,46.05980175484679,0.007787101447703772,19.599999999999994,0.29270333784124747,48.508185421688445,1.0
2025-11-30,0.0,0.0682266433845982,49.51135223846023,0.0,32.18237895499915,17.328973283461078,49.511352238460226,0.00883875708484946,20.799999999999994,0.29299951807039654,48.47198997586425,1.0
2025-12-01,0.0,0.07340384786721951,53.268394678678895,0.0,34.624456541141285,18.64393813753761,53.268394678678895,0.00979570328451046,21.999999999999993,0.2933470476482281,48.437635048261015,1.0
2025-12-02,0.0,0.07919390401975715,57.470177082552354,0.0,37.355615103659034,20.11456197889332,57.470177082552354,0.010439661411065955,23.199999999999992,0.2935520265779378,48.400807016608155,1.0
2025-12-03,0.0,0.08549382861118018,62.04196561043554,0.0,40.3272776467831,21.714687963652434,62.04196561043554,0.011037898855675542,24.39999999999999,0.29374262601579604,48.364120074785426,1.0
2025-12-04,0.0,0.09265143014829218,67.23616121066195,0.0,43.703504786930274,23.53265642373168,67.23616121066195,0.011136415632597686,25.59999999999999,0.29400108792239804,48.329627850813395,1.0
2025-12-05,0.0,0.1003285788286526,72.80738666810784,0.0,47.3248013342701,25.48258533383774,72.80738666810782,0.012269787920551355,26.79999999999999,0.29443250918092434,48.300391246048775,1.0
2025-12-06,0.0,0.10852677256902356,78.75672900509691,0.0,51.191873853313,27.564855151783917,78.7567290050969,0.014584754680952265,27.99999999999999,0.2947464185703202,48.268899719968964,1.0
2025-12-07,0.0,0.11712759280703902,84.99825312557257,0.0,55.24886453162218,29.7493885939504,84.99825312557256,0.014777320238022477,29.19999999999999,0.29482091189401793,48.231170627305325,1.0
2025-12-08,0.0,0.12636925405431845,91.70482877671876,0.0,59.608138704867194,32.09669007185156,91.70482877671874,0.018368095283188956,30.399999999999988,0.29496304478528435,48.195676561472645,1.0
2025-12-09,0.0,0.13638933000580689,98.97629173135476,0.0,64.3345896253806,34.64170210597417,98.97629173135476,0.019919386766715858,31.599999999999987,0.2949338275314071,48.15510894999247,1.0
2025-12-10,0.0,0.14741790730911444,106.97961343186824,0.0,69.53674873071436,37.44286470115388,106.97961343186823,0.020080111263932547,32.79999999999999,0.2948326266678101,48.11211015470417,1.0
2025-12-11,0.0,0.15928740599651786,115.59318287120308,0.0,75.13556886628201,40.457614004921076,115.59318287120308,0.023079119649854252,33.99999999999999,0.2947649392821329,48.070007935592514,1.0
2025-12-12,0.0,0.17181449121065417,124.68395588581579,0.0,81.04457132578027,43.63938456003552,124.68395588581579,0.02184536964784865,35.199999999999996,0.29462187090051817,48.02508985569824,1.0
2025-12-13,0.0,0.1847034574587996,134.03734213265574,0.0,87.12427238622622,46.9130697464295,134.0373421326557,0.02130580948316954,36.4,0.2946470392959773,47.98595223037358,1.0
2025-12-14,0.0,0.19784085257606582,143.57101057769654,0.0,93.32115687550275,50.24985370219378,143.5710105776965,0.021827544803061576,37.6,0.29464879081977485,47.94599453482354,1.0
2025-12-15,0.0,0.212265649074811,154.0389325651749,0.0,100.12530616736368,53.91362639781121,154.03893256517486,0.024963557976367384,38.800000000000004,0.2946866156896792,47.90744068875956,1.0
2025-12-16,0.0,0.22828023270040596,165.6605462267097,0.0,107.67935504736131,57.98119117934839,165.66054622670967,0.027851123289210442,40.00000000000001,0.29467638304794264,47.867055321917704,1.0
2025-12-17,0.0,0.24571391525964897,178.31198494894699,0.0,115.90279021681555,62.409194732131446,178.31198494894696,0.03117667321319801,41.20000000000001,0.2945997495291786,47.823909680602156,1.0
2025-12-18,0.0,0.2643015262056529,191.8008172755101,0.0,124.67053122908156,67.13028604642852,191.80081727551004,0.02848151562996201,42.40000000000001,0.294413950370768,47.77595149572056,1.0
2025-12-19,0.0,0.2838336513559723,205.97507355295525,0.0,133.8837978094209,72.09127574353434,205.97507355295522,0.0325656680032938,43.600000000000016,0.29438279050503025,47.73428966601932,1.0
2025-12-20,0.0,0.3043903666652457,220.89286405315366,0.0,143.5803616345499,77.31250241860377,220.8928640531536,0.0357894986700125,44.80000000000002,0.2942400458603938,47.68755405454564,1.0
2025-12-21,0.0,0.3259936923959462,236.57016864727592,0.0,153.77060962072935,82.79955902654656,236.57016864727586,0.04323518968814154,46.00000000000002,0.2939877622014195,47.63543706126529,1.0
2025-12-22,0.0,0.3474274805737779,252.12444163554278,0.0,163.88088706310282,88.24355457243996,252.12444163554272,0.036463915201352275,47.200000000000024,0.29351224622648914,47.57217802189029,1.0
2025-12-23,0.0,0.3709218368558151,269.1740470651779,0.0,174.96313059236562,94.21091647281224,269.1740470651778,0.04585489464025065,48.40000000000003,0.2932995251404612,47.52049701679832,1.0
2025-12-24,0.0,0.3939526566626631,285.8872689859674,0.0,185.82672484087882,100.0605441450886,285.88726898596735,0.048841564891953286,49.60000000000003,0.2928966406616226,47.45887337681648,1.0
2025-12-25,0.0,0.4232483839113905,307.14686786022537,0.0,199.64546410914647,107.50140375107887,307.14686786022526,0.042725002449560304,50.80000000000003,0.29247607539373466,47.395384630001715,1.0
2025-12-26,0.0,0.4539155475069976,329.40170356095615,0.0,214.1111073146215,115.29059624633466,329.4017035609561,0.04877245941893648,52.000000000000036,0.2922782886729199,47.34247101099184,1.0
2025-12-27,0.0,0.48588587955333856,352.60223479922973,0.0,229.19145261949933,123.4107821797304,352.6022347992296,0.051239751910587834,53.20000000000004,0.29195955010418684,47.282648065542745,1.0
2025-12-28,0.0,0.5176110985152406,375.62489006911505,0.0,244.1561785449248,131.46871152419027,375.624890069115,0.0504824313913579,54.40000000000004,0.29161248141835544,47.220518989158535,1.0
2025-12-29,0.0,0.5530592978501899,401.34927275050063,0.0,260.87702728782546,140.4722454626752,401.3492727505006,0.05976907331721049,55.600000000000044,0.2913015461141385,47.1595659639461,1.0
2025-12-30,0.0,0.5904133181359443,428.456689503588,0.0,278.4968481773322,149.95984132625577,428.45668950358794,0.06385378144312565,56.80000000000005,0.2908056834465324,47.087362819763044,1.0
2025-12-31,0.0,0.6297916831586415,457.0331517842101,0.0,297.07154865973655,159.9616031244735,457.03315178421,0.06979186134373738,58.00000000000005,0.2902528640916309,47.0106661173146,1.0
2026-01-01,0.0,0.6648650970752789,482.48555665840263,0.0,313.61561182796174,168.8699448304409,482.4855566584026,0.038470706233574625,59.20000000000005,0.28969030544150537,46.93206608213712,1.0
2026-01-02,0.0,0.6815707252533698,494.60865403002157,0.0,321.49562511951405,173.11302891050752,494.60865403002157,0.0443747895376456,60.400000000000055,0.2992087604020907,47.46100912828628,1.0
2026-01-03,0.0,0.7088339585474327,514.3932935757857,0.0,334.3556408242607,180.03765275152494,514.3932935757856,0.04530000269093535,61.60000000000006,0.2972521556068072,47.305932785379326,1.0
2026-01-04,0.0008106285200791061,0.7461764179174138,541.4923206947851,0.0,351.97000845161034,189.52231224317472,541.492320694785,0.05761540707919994,62.80000000000006,0.2969831121210957,47.25213944120481,1.0
2026-01-05,0.002406966612078477,0.7932736375923343,575.6702740147564,0.0,374.18567810959166,201.48459590516467,575.6702740147563,0.058770575196039225,64.00000000000006,0.2965432438646817,47.18676760733963,1.0
2026-01-06,0.004704227804451552,0.8406831038490555,610.0748213708675,0.0,396.54863389106396,213.52618747980358,610.0748213708674,0.06500652833693296,65.20000000000006,0.29610453280931087,47.12041553916707,1.0
2026-01-07,0.008034398830461321,0.8706953838118222,631.8544149577809,0.0,410.70536972255763,221.14904523522327,631.8544149577808,0.07660433621542825,66.40000000000006,0.29556362084649723,47.046224424207416,1.0
2026-01-08,0.01152683019954006,0.9236747872052914,670.3010066801825,0.0,435.69565434211864,234.6053523380638,670.3010066801824,0.0833085708877881,67.60000000000007,0.2948874472968611,46.96159143726781,1.0
2026-01-09,0.015861697027911948,0.97568410686016,708.0436189115819,0.0,460.2283522925283,247.81526661905363,708.0436189115819,0.09518122114779708,68.80000000000007,0.2941156536228915,46.86875696925493,1.0
2026-01-10,0.021264292917986146,1.0278227779538613,745.8801001116556,0.0,484.82206507257615,261.05803503907936,745.8801001116555,0.09383498774223825,70.00000000000007,0.2931823076172629,46.762761533208405,1.0
2026-01-11,0.02660803821843198,1.0831994447183266,786.0663604632268,0.0,510.94313430109753,275.1232261621293,786.0663604632268,0.09961852404969043,71.20000000000007,0.29231904515493845,46.65951601503161,1.0
2026-01-12,0.03149365016326965,1.1490213701322713,833.8326343485277,0.0,541.9912123265431,291.8414220219846,833.8326343485277,0.10248738527932189,72.40000000000008,0.2914208026015065,46.55166610834907,1.0
2026-01-13,0.03737749090971955,1.2175927196952316,883.5941362084408,0.0,574.3361885354866,309.2579476729542,883.5941362084408,0.12082483430582061,73.60000000000008,0.290520383491278,46.44150022495806,1.0
2026-01-14,0.043575990751428866,1.2864500637631404,933.5631812504646,0.0,606.8160678128021,326.74711343766256,933.5631812504647,0.11865073648786405,74.80000000000008,0.28938120431502595,46.31131408276394,1.0
2026-01-15,0.04989740900733744,1.360658285487093,987.4153015145812,0.0,641.8199459844778,345.59535553010335,987.4153015145812,0.11747625960249213,76.00000000000009,0.28834069653199507,46.18589293643163,1.0
2026-01-16,0.05665224282545883,1.4373889999878777,1043.097968060869,0.0,678.013679239565,365.08428882130414,1043.097968060869,0.148208986024787,77.20000000000009,0.28734891437755766,46.06173618994745,1.0
2026-01-17,0.06448114153095916,1.5127400335416483,1097.7794147617187,0.0,713.5566195951171,384.2227951666015,1097.7794147617187,0.16245588032932393,78.40000000000009,0.28596953615173054,45.90481163429567,1.0
2026-01-18,0.07221015205187636,1.5896811207767378,1153.6147465723786,0.0,749.8495852720462,403.7651613003325,1153.6147465723789,0.1311736645652058,79.6000000000001,0.2844448254339902,45.73300810454562,1.0
2026-01-19,0.0800950093674544,1.6692973821449082,1211.3914239077708,0.0,787.404425540051,423.9869983677197,1211.3914239077708,0.14664400017445572,80.8000000000001,0.283382832939929,45.59493290154626,1.0
2026-01-20,0.08809435872693328,1.7490727714620782,1269.2835787097808,0.0,825.0343261613576,444.24925254842327,1269.283578709781,0.14611878844458487,82.0000000000001,0.28216332206784617,45.441392409563385,1.0
2026-01-21,0.0957070099988281,1.8352474672643748,1331.8196424269775,0.0,865.6827675775354,466.13687484944205,1331.8196424269775,0.15606559906529913,83.2000000000001,0.28099566806879084,45.28923958332339,1.0
2026-01-22,0.10325670061621973,1.9266120704987573,1398.1219669802304,0.0,908.7792785371497,489.34268844308053,1398.1219669802301,0.2791219516126206,84.4000000000001,0.2797429285398497,45.12710316876331,1.0
2026-01-23,0.11154076255367468,2.0156853753939696,1462.653745895378,0.0,950.794988393382,511.858757501996,1461.818543169209,0.1865872509428854,85.60000000000011,0.2814813032452842,45.217999557796325,1.0
2026-01-24,0.11717578937869515,2.096101936589872,1520.6678451854127,0.0,988.7273285801284,531.9405166052843,1517.2149549016412,0.18336475849715572,86.80000000000011,0.2799884695506635,45.03259915699759,1.0
2026-01-25,0.12220041333847491,2.1995144097999506,1595.057946098651,0.0,1037.5067970754485,557.5511490232025,1586.6639555878924,0.17369851935207048,88.00000000000011,0.2776396223059897,44.76828676292709,1.0
2026-01-26,0.12689734607463427,2.2723916861974507,1672.0674732694333,0.0,1088.1328708478543,583.934602421579,1657.1256390935885,0.15499745330109163,89.20000000000012,0.276281206142748,44.586683587933116,1.0
2026-01-27,0.13300523561494523,2.3860413795887276,1753.4197185628886,0.0,1141.7412167871357,611.6785017757528,1730.1720558915756,0.23504135144057994,90.40000000000012,0.2752048109977884,44.42731491420007,1.0
2026-01-28,0.14084477660015526,2.460354292448708,1808.4839005320027,0.0,1178.1387371670048,630.3451633649978,1778.4167690134916,0.15266790546333658,91.60000000000012,0.2734591672621844,44.20405972121608,1.0
2026-01-29,0.14721337988458777,2.547054648364624,1872.294435675474,0.0,1220.484360694485,651.8100749809889,1832.5893186741216,0.1695600267591785,92.80000000000013,0.27229115419489086,44.030219109285866,1.0
2026-01-30,0.15419872490392592,2.6706915699220635,1959.8954449749467,0.0,1278.8036633159188,681.0917816590279,1905.0739588117085,0.17465623478502254,94.00000000000013,0.27113704675556105,43.854882395022734,1.0
2026-01-31,0.16225710936620535,2.7956901016338596,2050.5014143635253,0.0,1339.3344527550098,711.1669616085153,1977.9580252478888,0.23792646291237982,95.20000000000013,0.2699821553700304,43.67670119122689,1.0
2026-02-01,0.17059681658218293,2.9211272642395136,2141.2135008841815,0.0,1400.179799757221,741.0337011269608,2048.581535929214,0.22492223211959092,96.40000000000013,0.2682054840511089,43.435808662526895,1.0
2026-02-02,0.17977437892460266,3.0334289469436553,2222.621547443167,0.0,1455.0107463309741,767.6108011121927,2109.845239708079,0.20979592431844812,97.60000000000014,0.2665730681416996,43.20473145062988,1.0
2026-02-03,0.18771407445369837,3.1557558989174055,2310.838196787525,0.0,1514.6973778755587,796.1408189119661,2173.7854509479835,0.22837324600528122,98.80000000000014,0.2651564606064709,42.99105830791932,1.0
2026-02-04,0.19596004342980863,3.301473385136993,2414.8859770556637,0.0,1585.370586631576,829.5153904240874,2246.775765887714,0.2624501975852893,100.00000000000014,0.2635919131873815,42.75919131873815,1.0
2026-02-05,0.20461172768799601,3.453283108080158,2522.6232877591606,0.0,1658.8459975935552,863.7772901656052,2319.8178746960657,0.26073654388100864,101.20000000000014,0.26172942900699153,42.49341821550753,1.0
2026-02-06,0.21295574126859992,3.6123487776636667,2635.4540717826803,0.0,1736.1204816265401,899.33359015614,2393.319766260042,0.28874649892869053,102.40000000000015,0.2599289108698566,42.22952047307331,1.0
2026-02-07,0.22245471263643826,3.771309070217911,2748.044971495276,0.0,1813.5438292854392,934.5011422098369,2463.640845519461,0.30981551714728994,103.60000000000015,0.25790088703055974,41.93773189636598,1.0
2026-02-08,0.23299517700081124,3.9360437979718914,2860.527613148459,0.0,1891.2488895467504,969.2787236017082,2530.5719069946745,0.28630021016210955,104.80000000000015,0.25572079381542623,41.62513919185666,1.0
2026-02-09,0.24295565129892846,4.099299393164622,2979.6496037923125,0.0,1973.9590668753783,1005.6905369169343,2597.696114853277,0.3089377019321504,106.00000000000016,0.2538142270907081,41.33630807161505,1.0
2026-02-10,0.2530448290082728,4.271506298737969,3100.921976947325,0.0,2058.5649664557836,1042.3570104915416,2662.5536967337093,0.3535739465865836,107.20000000000016,0.2517377207215651,41.02468366135177,1.0
2026-02-11,0.2631702372122568,4.44595844917542,3224.079178159822,0.0,2144.4750132094678,1079.6041649503543,2724.9709654867906,0.3417701177441581,108.40000000000016,0.24930130849454038,40.66906184080817,1.0
2026-02-12,0.27430738962300855,4.619826424126496,3348.6401296940435,0.0,2230.3552814601508,1118.2848482338927,2784.7251394446544,0.32865540164184354,109.60000000000016,0.24705949816879222,40.32892099929961,1.0
2026-02-13,0.28458292301305393,4.8015945547788705,3480.586548783812,0.0,2320.151956408448,1160.4345923753638,2844.236032637863,0.33680317975513824,110.80000000000017,0.2449052372674111,39.99310028922913,1.0
2026-02-14,0.2946963622442056,4.9897722018539525,3619.0926515813926,0.0,2413.274271654845,1205.8183799265475,2903.1728379163706,0.3377713604901768,112.00000000000017,0.24277083146445827,39.65433312401932,1.0
2026-02-15,0.3060953476378339,5.169119676311724,3753.5680292760744,0.0,2502.598587885628,1250.9694413904465,2957.1344876867247,0.39135500000846846,113.20000000000017,0.24067604148276284,39.31492789584874,1.0
2026-02-16,0.31765259013663455,5.342328859728088,3886.221757433517,0.0,2589.5031919986804,1296.7185654348364,3006.8691805844296,0.4159458911125383,114.40000000000018,0.2381538376804475,38.92159903064318,1.0
2026-02-17,0.32956806382662146,5.503655908908126,4012.710806393492,0.0,2671.1996768418135,1341.5111295516783,3051.0384312628667,0.47343523789389136,115.60000000000018,0.23547194037970617,38.503756307894015,0.9557500251843951
2026-02-18,0.3416520465612257,5.648196761437295,4129.139136885444,0.0,2745.288326720731,1383.8508101647124,3088.721489702506,0.26116646832839024,116.80000000000018,0.23278608378298446,38.07901458585257,1.0
2026-02-19,0.3521950402887859,5.735477326450916,4214.424773925333,0.0,2798.734990107067,1415.6897838182663,3114.198943937393,0.27321938692497333,118.00000000000018,0.24017032946772382,38.8360988771914,1.0
2026-02-20,0.36263579044197886,5.924430808672727,4369.595152192143,0.0,2894.668140446952,1474.9270117451917,3157.40668145296,0.33195955189967324,119.20000000000019,0.2390900329900479,38.60193193241369,1.0
2026-02-21,0.37390363133288146,6.108272520263683,4527.015693223817,0.0,2990.6775695123983,1536.338123711419,3198.590017422469,0.3457973149830783,120.40000000000019,0.23702786034393458,38.24695438540971,1.0
2026-02-22,0.3860595606042536,6.2784757607430315,4681.529916021044,0.0,3083.5216268327335,1598.0082891883105,3236.2807017495456,0.39890604704418026,121.6000000000002,0.23502856708047282,37.894673756985476,1.0
2026-02-23,0.3984566881286004,6.428339003154242,4827.744414977559,0.0,3169.9566717166986,1657.787743260861,3269.2375599035954,0.4197234404447967,122.8000000000002,0.232638331017019,37.489587048889916,1.0
2026-02-24,0.4109640260478811,6.569414855055716,4974.36675541733,0.0,3255.178656370656,1719.1880990466739,3299.597725056212,0.4078233836892496,124.0000000000002,0.2301321343725346,37.06438466219427,1.0
2026-02-25,0.42373700366513317,6.6948175517492405,5115.637488628105,0.0,3335.876564833924,1779.7609237941801,3327.638077087916,0.41651872214731367,125.0,0.2276168401312597,36.65210501640746,0.979178223019684
2026-02-26,0.4363809713297773,6.815619171921785,5260.316531000158,0.0,3417.0430118424724,1843.273519157685,3355.2996401840473,0.3917195275059736,125.0,0.2242526158679903,36.23157698349878,0.8953849839820609
2026-02-27,0.45013471585056086,6.875535992184822,5360.277740589288,0.0,3472.111164684047,1888.166575905242,3373.6984174311315,0.36956317548619533,125.0,0.22109270519855498,35.83658814981937,0.7935476314158256
2026-02-28,0.46429999043384546,6.890746336776202,5425.677640271375,0.0,3507.4200621898835,1918.2575780814914,3385.2346987759393,0.3454229929373886,125.0,0.21810825551746602,35.46353193968325,0.7467781887345283
2026-03-01,0.4787287081604578,6.893355362571868,5481.877906394186,0.0,3537.125275281853,1944.752631112333,3394.710432248928,0.3304468546228408,125.0,0.2153198887023318,35.11498608779147,0.6278210978989025
2026-03-02,0.49359213694660087,6.8370657354932645,5500.742669190931,0.0,3546.8786789801725,1953.8639902107593,3397.7434631776264,0.3171496531854003,125.0,0.2126500376562644,34.78125470703305,0.538682023952626
2026-03-03,0.5089874601564155,6.742443895677247,5500.742669190931,0.0,3546.8786789801725,1953.8639902107593,3397.7434631776264,0.2966972618439601,125.0,0.21008301787848868,34.460377234811084,0.49466132039074207
2026-03-04,0.5240219686332617,6.640227364809816,5500.742669190932,0.0,3546.878678980173,1953.8639902107593,3397.7434631776264,0.2750738491731589,125.0,0.20767762794079486,34.159703492599355,0.4632266185195372
2026-03-05,0.5399084098113638,6.533298445917573,5500.742669190931,0.0,3546.8786789801725,1953.8639902107593,3397.7434631776264,0.26827932023133505,125.0,0.2054456550724016,33.8807068840502,0.3919279245491657
2026-03-06,0.5558830100137475,6.414116955551109,5500.742669190932,0.0,3546.878678980173,1953.8639902107593,3397.7434631776264,0.23589387014609473,125.0,0.20326182374377075,33.60772796797134,0.4033437574178506
2026-03-07,0.5718421175234418,6.299306267885662,5500.742669190931,0.0,3546.8786789801725,1953.8639902107593,3397.7434631776264,0.21542836935155033,125.0,0.20134365633185738,33.36795704148217,0.3940021130609004
2026-03-08,0.5881166571112388,6.1847852792600335,5500.742669190931,0.0,3546.8786789801725,1953.8639902107593,3397.7434631776264,0.2046278770452269,125.0,0.19959079026711574,33.14884878338947,0.3480793977727919
2026-03-09,0.6056443033558598,6.063825610942998,5500.742669190931,0.0,3546.8786789801725,1953.8639902107593,3397.7434631776264,0.190655701423635,125.0,0.19792073355121786,32.94009169390223,0.3219358074911152
2026-03-10,0.6233034086225427,5.940475720451036,5500.742669190932,0.0,3546.878678980173,1953.8639902107593,3397.7434631776264,0.1768753427788923,125.0,0.19636004518910108,32.74500564863763,0.30036886936593976
2026-03-11,0.6412136941048748,5.815791468106935,5500.742669190931,0.0,3546.8786789801725,1953.8639902107593,3397.7434631776264,0.1721096609463264,125.0,0.19490988225038128,32.56373528129766,0.2553009714198329
2026-03-12,0.6582889773426231,5.6858610404052135,5500.742669190931,0.0,3546.8786789801725,1953.8639902107593,3397.7434631776264,0.15445297567300154,125.0,0.1934892465179604,32.386155814745045,0.2501869529870732
2026-03-13,0.6760190823566665,5.557961056657264,5500.742669190932,0.0,3546.878678980173,1953.8639902107593,3397.7434631776264,0.13204799847502086,125.0,0.1922099406506339,32.22624258132924,0.3070734734815481
2026-03-14,0.6924209203802936,5.442423297171834,5500.742669190931,0.0,3546.8786789801725,1953.8639902107593,3397.7434631776264,0.12345854960249669,125.0,0.1911230918033803,32.090386475422534,0.2815116250516105
2026-03-15,0.7092287142134476,5.325113761054847,5500.742669190931,0.0,3546.8786789801725,1953.8639902107593,3397.7434631776264,0.12363902937871628,125.0,0.19010432749938402,31.963040937423003,0.20666973056142907
2026-03-16,0.7264465326263173,5.198376543009386,5500.742669190931,0.0,3546.8786789801725,1953.8639902107593,3397.7434631776264,0.11887689358256522,125.0,0.18930261525631614,31.862826907039512,0.1878156936509349
2026-03-17,0.7425450917409838,5.0717153476076255,5500.742669190931,0.0,3546.8786789801725,1953.8639902107593,3397.7434631776264,0.09984792775060444,125.0,0.18806903022875077,31.70862877859384,0.2104061702372037
2026-03-18,0.7571423871612841,4.951577493264098,5500.742669190931,0.0,3546.8786789801725,1953.8639902107593,3397.7434631776264,0.09509141390416699,125.0,0.18722895337534357,31.60361917191794,0.18125861089975964
2026-03-19,0.7736962439433522,4.8299556502119225,5500.742669190931,0.0,3546.8786789801725,1953.8639902107593,3397.7434631776264,0.11004113918372363,125.0,0.1869471055345042,31.56838819181302,0.5413698894182915
2026-03-20,0.7872283817431983,4.764095778689258,5502.355866217418,0.0,3547.1593494028984,1955.19651681452,3397.8378241133555,0.11710209097359818,125.0,0.1906528822918324,32.031610286479044,0.3928034243754852
2026-03-21,0.8013345964387553,4.687617072100592,5532.612849565969,0.0,3552.0195252021213,1980.5933243638478,3399.516163394761,0.12052364232321676,125.0,0.1915008419049331,32.137605238116635,0.34841616459862784
2026-03-22,0.8168705426064914,4.598629440213916,5541.112631617134,0.0,3553.2665221055613,1987.8461095115724,3399.961007194126,0.12304560480508944,125.0,0.19174021118743978,32.16752639842997,0.2852184948814776
2026-03-23,0.832579192172944,4.500018982031163,5541.112631617134,0.0,3553.2665221055613,1987.8461095115724,3399.961007194126,0.1166255725334073,125.0,0.1911809901703289,32.09762377129111,0.3212768545439547
2026-03-24,0.8489714331754875,4.40839097088828,5541.112631617134,0.0,3553.2665221055613,1987.8461095115724,3399.961007194126,0.1130460039471641,125.0,0.19012668509192596,31.965835636490745,0.22804913233857146
2026-03-25,0.8662425669462452,4.171939383204849,5541.112631617134,0.0,3553.2665221055613,1987.8461095115724,3399.961007194126,0.10494880424962923,125.0,0.18885686180326064,31.807107725407576,0.1925333884358981
2026-03-26,0.8848802489184695,4.016171511965453,5541.112631617134,0.0,3553.2665221055613,1987.8461095115724,3399.961007194126,0.0923641491293263,125.0,0.1879672943450998,31.69591179313747,0.2074526924470862
2026-03-27,0.9035154805248882,3.6882121087786595,5541.112631617134,0.0,3553.2665221055613,1987.8461095115724,3399.961007194126,0.09542905607213137,125.0,0.18868962658287952,31.78620332285994,0.2108553297910644
2026-03-28,0.9213776348873367,3.5234773810246796,5541.112631617134,0.0,3553.2665221055613,1987.8461095115724,3399.961007194126,0.08218384788462771,125.0,0.18713939940669727,31.592424925837157,0.1948962089831392
2026-03-29,0.9394893423368091,3.3481318050879882,5541.112631617134,0.0,3553.2665221055613,1987.8461095115724,3399.961007194126,0.08385864003454058,125.0,0.1863821091457603,31.49776364322004,0.1425085048663274
2026-03-30,0.9594832836359717,2.986637998859718,5541.112631617134,0.0,3553.2665221055613,1987.8461095115724,3399.961007194126,0.0652317911764106,125.0,0.18562803487293525,31.4035043591169,0.2144276299967579
2026-03-31,0.9761576355736624,2.8045718301682707,5541.112631617134,0.0,3553.2665221055613,1987.8461095115724,3399.961007194126,0.0625117268985974,125.0,0.18549697771310417,31.387122214138017,0.20447061681726458
2026-04-01,0.9944902606920202,2.614202879277881,5541.112631617134,0.0,3553.2665221055613,1987.8461095115724,3399.961007194126,0.07384278404921181,125.0,0.18774493944956366,31.668117431195455,0.22325796476698112
2026-04-02,1.0,2.2274160205462588,5541.112631617134,0.0,3553.2665221055613,1987.8461095115724,3399.961007194126,0.06619929859146208,125.0,0.1860590045843581,31.457375573044757,0.1386604410175492
2026-04-03,1.0304741379310345,2.043178259826588,5541.112631617134,0.0,3553.2665221055613,1987.8461095115724,3399.961007194126,0.05206077618323428,125.0,0.18533459970063634,31.366824962579543,0.18088051347214434
2026-04-04,1.0566002155172414,1.8699817119591462,5541.112631617134,0.0,3553.2665221055618,1987.8461095115724,3399.961007194126,0.05682875350222724,125.0,0.18689727076165688,31.562158845207108,0.20525649047501038
2026-04-05,1.0832004310344827,1.712913774215841,5541.112631617134,0.0,3553.2665221055618,1987.8461095115724,3399.961007194126,0.04629330234135762,125.0,0.1848836367808417,31.310454597605208,0.14641602571816117
2026-04-06,1.1093157327586207,1.3962285691162521,5541.112631617134,0.0,3553.2665221055618,1987.8461095115724,3399.961007194126,0.037828990697705116,125.0,0.18432107133253547,31.240133916566933,0.1388501282786013
2026-04-07,1.136907327586207,1.1926885794975062,5541.112631617135,0.0,3553.266522105562,1987.8461095115724,3399.961007194126,0.03138808984649487,125.0,0.18407604230268715,31.20950528783589,0.1685220133304384
2026-04-08,1.162322198275862,0.9958591779783954,5541.112631617135,0.0,3553.266522105562,1987.8461095115724,3399.961007194126,0.06365914439954977,125.0,0.19612755182296843,32.71594397787105,0.38378730981327136
2026-04-09,1.1847898706896551,0.812616882824389,5542.744997112926,1.6323654957919989,3553.2665221055618,1987.8461095115724,3399.9671808494513,0.05362125522696355,125.0,0.19498382837320918,32.57297854665114,0.29186933347543637
2026-04-10,1.2100808189655172,0.6319462753580002,5542.744997112926,1.6323654957919989,3553.2665221055618,1987.8461095115724,3399.9671808494513,0.03699442536169125,125.0,0.19156269899732556,32.145337374665694,0.22566562816266192
2026-04-11,1.2357058189655172,0.4608667094158715,5542.744997112926,1.6323654957919989,3553.2665221055613,1987.8461095115724,3399.9671808494513,0.025436622108156205,125.0,0.189983683512062,31.947960439007744,0.20233938033684112
2026-04-12,1.264730603448276,0.2887938417577496,5542.744997112926,1.6323654957919989,3553.2665221055613,1987.8461095115724,3399.9671808494513,0.015504758629990728,125.0,0.18859687933035635,31.774609916294544,0.17337592234122234
2026-04-13,1.2936422413793105,0.17204935773361085,5542.744997112926,1.6323654957919989,3553.2665221055613,1987.8461095115724,3399.9671808494513,0.00846437979508121,125.0,0.18729046245383416,31.611307806729265,0.15997037766109795
2026-04-14,1.3234644396551725,0.09719449502123721,5542.744997112926,1.6323654957919989,3553.2665221055613,1987.8461095115724,3399.9671808494513,0.004416224570526193,125.0,0.18613013552988927,31.466266941236157,0.14411960739129695
2026-04-15,1.3557650862068966,0.03421944326626234,5542.744997112926,1.6323654957919989,3553.2665221055613,1987.8461095115724,3399.9671808494513,0.0014531858633597527,125.0,0.1850478127147168,31.3309765893396,0.12582305527561524
2026-04-16,1.388033405172414,0.013542227425824482,5542.744997112926,1.6323654957919989,3553.2665221055613,1987.8461095115724,3399.9671808494513,0.00048744127617477166,125.0,0.18399529217632382,31.199411522040478,0.12569536445499502
2026-04-17,1.4203609913793105,0.01318702645940439,5542.744997112926,1.6323654957919989,3553.2665221055618,1987.8461095115724,3399.9671808494513,0.00046951637574398433,125.0,0.18323049893913962,31.10381236739245,0.10030056678550506
2026-04-18,1.452688577586207,0.012831095652465069,5542.744997112926,1.6323654957919989,3553.2665221055618,1987.8461095115724,3399.9671808494513,0.00041571863853036723,125.0,0.18224400362727008,30.98050045340876,0.08452784373173203
2026-04-19,1.4850161637931036,0.012478700328337672,5542.744997112926,1.6323654957919989,3553.2665221055613,1987.8461095115724,3399.9671808494513,0.0003494028767648702,125.0,0.1813386763576328,30.867334544704093,0.07512797878578437
2026-04-20,1.5173437500000002,0.012132464304493787,5542.744997112926,1.6323654957919989,3553.2665221055613,1987.8461095115724,3399.9671808494513,0.00028118264514478036,125.0,0.18026519230714727,30.733149038393407,0.06269595254662651
2026-04-21,1.5496713362068968,0.01179131006754822,5542.744997112926,1.6323654957919989,3553.2665221055618,1987.8461095115724,3399.9671808494513,0.00022991685940848558,125.0,0.17933682120236588,30.617102650295735,0.0502998759280409
2026-04-22,1.5819989224137934,0.011455363808524577,5542.744997112926,1.6323654957919989,3553.2665221055618,1987.8461095115724,3399.9671808494513,0.00018477378768312408,125.0,0.17847923896933635,30.509904871167038,0.038985391823088994
2026-04-23,1.61432650862069,0.01112510064966538,5542.744997112926,1.6323654957919989,3553.2665221055618,1987.8461095115722,3399.9671808494513,0.0001219721572170445,125.0,0.17753154095010307,30.39144261876288,0.03082137606570514
2026-04-24,1.6466540948275865,0.010801634357502182,5542.744997112926,1.6323654957919989,3553.2665221055618,1987.8461095115724,3399.9671808494513,8.908057950909469e-05,125.0,0.17676334554463322,30.29541819307915,0.019580132739597918
2026-04-25,1.678981681034483,0.010483930249812853,5542.744997112926,1.6323654957919989,3553.2665221055618,1987.8461095115722,3399.9671808494513,3.86334397657928e-05,125.0,0.175858319245399,30.18228990567487,0.010582922116681624
2026-04-26,1.7113092672413797,0.01017274086083778,5542.744997112926,1.6323654957919989,3553.2665221055618,1987.8461095115724,3399.9671808494513,5.494742796169644e-06,125.0,0.1751228889280598,30.09036111600747,0.0014669268970159586
2026-04-27,1.7436368534482762,0.009868006315028202,5542.744997112926,1.6323654957919989,3553.2665221055618,1987.8461095115724,3399.9671808494513,0.0,125.0,0.17438706621805522,29.9983832772569,0.0
2026-04-28,1.7759644396551728,0.009571966125577355,5542.744997112926,1.6323654957919989,3553.2665221055618,1987.8461095115722,3399.9671808494513,0.0,125.0,0.17350026552233966,29.88753319029245,0.0
2026-04-29,1.8082920258620694,0.009284807141810035,5542.744997112926,1.6323654957919989,3553.2665221055613,1987.8461095115724,3399.9671808494513,0.0,125.0,0.1740394521679486,29.954931520993576,0.0
2026-04-30,1.840619612068966,0.009006262927555733,5542.744997112926,1.6323654957919989,3553.2665221055613,1987.8461095115722,3399.9671808494513,0.0,125.0,0.1747112567183888,30.0389070897986,0.0
2026-05-01,1.8729471982758625,0.0,5542.744997112926,1.6323654957919989,3553.2665221055613,1987.8461095115722,3399.9671808494513,0.0,125.0,0.17154611312780793,29.643264140975987,0.0
2026-05-02,1.905274784482759,0.0,5542.744997112926,1.6323654957919989,3553.2665221055613,1987.8461095115724,3399.9671808494513,0.0,125.0,0.17118630219327885,29.598287774159857,0.0
2026-05-03,1.9376023706896557,0.0,5542.744997112926,1.6323654957919989,3553.2665221055613,1987.8461095115722,3399.967180849451,0.0,125.0,0.17226564592589125,29.733205740736402,0.0
2026-05-04,1.9699299568965523,0.0,5542.744997112926,1.6323654957919989,3553.2665221055613,1987.8461095115722,3399.967180849451,0.0,125.0,0.16986045779860312,29.432557224825388,0.0
2026-05-05,2.0,0.0,5542.744997112926,1.6323654957919989,3553.2665221055613,1987.8461095115724,3399.9671808494513,0.0,125.0,0.18208505968729824,30.96063246091228,0.09529896340100734
